date,province,special,prize1,prize2,prize3_1,prize3_2,prize4_1,prize4_2,prize4_3,prize4_4,prize4_5,prize4_6,prize4_7,prize5,prize6_1,prize6_2,prize6_3,prize7,prize8
2025-08-08,Gia Lai,78,65,93,28,48,25,29,60,32,27,70,61,9,71,19,52,55,16
2025-08-08,Ninh Thuận,31,18,59,34,29,22,78,8,78,93,44,14,17,86,47,17,7,13
2025-08-09,Đà Nẵng,17,0,54,79,85,56,33,28,16,64,60,65,39,64,5,54,56,98
2025-08-09,Quảng Ngãi,28,17,25,74,83,49,21,50,4,33,36,2,55,37,75,44,81,33
2025-08-09,Đắk Nông,39,56,67,99,23,11,36,83,0,55,49,30,66,57,84,51,45,39
2025-08-10,Huế,76,2,24,90,10,50,19,68,85,76,73,29,40,16,25,56,30,75
2025-08-10,Kon Tum,81,13,88,87,51,75,63,16,52,46,48,83,42,40,15,1,62,82
2025-08-10,Khánh Hòa,34,99,91,49,65,58,8,69,59,82,90,20,5,23,29,65,44,2
2025-08-11,Huế,98,88,27,9,28,35,4,98,80,87,27,0,70,27,6,88,21,91
2025-08-11,Phú Yên,27,68,38,53,50,51,8,4,71,23,27,19,41,39,64,11,46,5
2025-08-12,Đắk Lắk,26,3,59,22,88,32,63,94,11,79,73,48,79,95,46,1,30,58
2025-08-12,Quảng Nam,98,60,40,70,16,56,93,73,86,20,22,48,2,63,35,85,2,10
2025-08-13,Đà Nẵng,34,54,42,96,45,31,97,17,29,42,26,17,70,34,13,79,86,48
2025-08-13,Khánh Hòa,66,15,51,11,64,35,69,74,95,14,5,70,52,91,39,89,73,63
2025-08-14,Bình Định,16,86,12,58,35,14,47,28,14,11,59,7,81,61,30,41,48,73
2025-08-14,Quảng Trị,37,73,49,78,79,6,86,75,70,49,0,8,48,59,68,35,17,75
2025-08-14,Quảng Bình,59,25,34,59,7,93,94,33,39,0,57,58,83,52,91,62,8,70
2025-08-15,Gia Lai,64,56,72,60,47,47,69,11,68,10,8,29,80,85,96,6,83,9
2025-08-15,Ninh Thuận,61,92,66,29,69,98,35,90,83,88,54,53,33,79,95,19,97,34
2025-08-16,Đà Nẵng,63,80,32,74,43,32,56,13,12,26,79,26,35,30,64,1,69,58
2025-08-16,Quảng Ngãi,62,85,36,17,44,88,59,48,48,8,68,32,74,97,29,43,66,84
2025-08-16,Đắk Nông,61,45,33,59,68,67,49,8,72,72,72,65,49,62,87,91,35,84
2025-08-17,Huế,41,65,15,11,16,94,50,47,66,45,77,63,0,4,93,62,5,23
2025-08-17,Kon Tum,44,96,88,39,71,82,42,19,3,95,64,28,70,30,31,39,34,71
2025-08-17,Khánh Hòa,80,43,65,68,79,23,25,46,48,72,15,55,7,86,73,0,14,29
2025-08-18,Huế,42,42,84,20,93,35,77,16,64,3,46,95,88,99,9,9,32,60
2025-08-18,Phú Yên,94,73,74,66,76,82,25,52,11,17,50,0,35,28,34,87,20,55
2025-08-19,Đắk Lắk,46,32,41,31,34,36,82,89,90,44,30,86,98,90,32,47,90,45
2025-08-19,Quảng Nam,66,57,91,55,17,21,98,13,16,53,37,61,12,89,91,66,55,17
2025-08-20,Đà Nẵng,20,37,16,8,54,6,59,71,60,8,31,12,44,57,88,97,25,22
2025-08-20,Khánh Hòa,51,31,99,34,14,87,73,93,47,4,41,88,44,64,67,54,88,30
2025-08-21,Bình Định,26,40,1,16,81,98,36,40,27,16,33,36,53,49,43,41,52,54
2025-08-21,Quảng Trị,0,37,78,23,76,99,53,87,69,89,0,46,0,51,35,9,92,89
2025-08-21,Quảng Bình,5,12,55,68,48,36,67,27,71,4,87,97,15,1,44,1,98,38
2025-08-22,Gia Lai,93,43,99,38,65,45,26,59,34,28,97,49,57,77,85,56,9,69
2025-08-22,Ninh Thuận,91,71,99,25,11,54,47,55,89,40,48,50,27,81,38,33,13,64
2025-08-23,Đà Nẵng,5,48,0,68,25,92,75,58,43,68,37,89,62,75,52,96,66,22
2025-08-23,Quảng Ngãi,34,51,84,90,35,83,28,36,85,97,61,15,99,62,27,0,17,84
2025-08-23,Đắk Nông,81,87,64,50,28,35,10,1,33,85,1,93,58,34,87,24,57,1
2025-08-24,Huế,69,41,47,12,57,74,13,5,54,56,27,85,51,98,55,35,41,35
2025-08-24,Kon Tum,1,17,44,65,55,60,65,8,96,1,24,29,21,69,56,27,25,58
2025-08-24,Khánh Hòa,10,12,74,6,22,95,38,0,43,45,87,54,45,55,49,77,63,10
2025-08-25,Huế,13,75,75,36,24,5,87,75,13,56,43,36,95,17,10,51,13,7
2025-08-25,Phú Yên,31,7,83,79,28,43,89,15,51,36,10,86,22,11,53,21,44,98
2025-08-26,Đắk Lắk,93,63,50,52,82,71,8,51,70,9,98,83,22,36,5,76,99,47
2025-08-26,Quảng Nam,54,87,43,33,56,66,56,64,3,39,97,81,7,53,79,16,30,74
2025-08-27,Đà Nẵng,21,27,67,10,51,73,41,48,7,44,51,31,53,2,4,47,62,18
2025-08-27,Khánh Hòa,72,6,33,89,76,86,75,61,82,34,80,26,59,0,67,18,76,25
2025-08-28,Bình Định,90,55,67,56,14,44,52,47,87,57,30,37,68,56,86,41,6,28
2025-08-28,Quảng Trị,90,76,0,52,4,25,13,7,30,84,87,54,6,68,84,36,2,21
2025-08-28,Quảng Bình,60,85,77,92,38,84,68,70,36,15,99,48,61,56,86,9,42,98
2025-08-29,Gia Lai,93,82,55,15,44,90,69,66,94,76,49,49,59,35,10,96,22,68
2025-08-29,Ninh Thuận,28,28,85,73,21,46,7,98,25,46,24,5,41,69,54,73,80,87
2025-08-30,Đà Nẵng,46,37,41,1,62,68,20,53,87,94,3,3,18,90,36,23,91,75
2025-08-30,Quảng Ngãi,44,13,8,8,18,82,0,68,50,40,45,7,85,86,25,67,15,60
2025-08-30,Đắk Nông,36,42,24,91,25,54,71,18,51,45,83,0,95,32,25,22,77,32
2025-08-31,Huế,87,25,9,84,87,76,96,33,8,61,15,49,20,55,8,8,68,33
2025-08-31,Kon Tum,4,14,1,30,24,75,16,71,4,34,73,49,57,75,26,26,73,93
2025-08-31,Khánh Hòa,0,19,79,54,9,94,74,23,82,63,69,24,65,82,73,87,24,91
2025-09-01,Huế,37,57,7,0,57,51,82,29,75,88,41,60,43,1,89,31,68,70
2025-09-01,Phú Yên,53,41,21,35,77,95,86,32,15,34,66,57,21,66,59,39,82,75
2025-09-02,Đắk Lắk,88,29,20,75,84,50,47,43,34,92,93,11,8,28,5,73,50,82
2025-09-02,Quảng Nam,48,70,1,59,99,83,0,85,6,70,0,54,91,53,60,91,69,32
2025-09-03,Đà Nẵng,31,68,96,92,33,24,21,57,94,22,4,85,20,15,26,10,73,34
2025-09-03,Khánh Hòa,34,37,25,94,62,28,86,73,57,76,47,86,77,84,23,49,69,47
2025-09-04,Bình Định,47,27,16,95,29,22,98,13,11,37,42,43,59,52,86,51,14,50
2025-09-04,Quảng Trị,36,18,10,48,46,29,14,53,83,63,69,83,12,19,2,34,71,59
2025-09-04,Quảng Bình,69,73,58,98,89,60,3,97,10,31,67,30,79,27,18,98,81,46
2025-09-05,Gia Lai,0,23,82,19,98,11,54,38,39,41,64,60,60,81,94,14,66,79
2025-09-05,Ninh Thuận,14,37,87,66,78,77,19,6,1,98,6,73,85,32,24,5,2,11
2025-09-06,Đà Nẵng,68,79,87,55,9,14,70,61,38,72,62,83,5,21,95,18,78,31
2025-09-06,Quảng Ngãi,69,33,91,59,24,36,47,82,39,27,75,76,58,59,12,94,1,96
2025-09-06,Đắk Nông,0,62,43,90,35,74,27,9,44,99,58,98,99,75,61,20,93,98
2025-09-07,Huế,86,34,42,23,71,66,34,16,12,90,16,40,12,95,6,76,52,80
2025-09-07,Kon Tum,47,21,36,92,27,30,4,98,41,99,77,27,74,90,67,20,39,74
2025-09-07,Khánh Hòa,43,39,46,28,19,20,2,42,50,51,89,68,86,87,34,73,22,65
2025-09-08,Huế,54,56,26,37,74,40,6,18,55,64,38,27,87,88,38,78,6,38
2025-09-08,Phú Yên,1,42,72,99,88,74,32,79,47,68,65,29,80,10,98,1,59,43
2025-09-09,Đắk Lắk,17,39,48,86,34,29,69,68,2,64,90,47,46,28,75,42,40,73
2025-09-09,Quảng Nam,64,72,68,55,83,81,78,41,36,17,31,92,59,16,94,35,26,12
2025-09-10,Đà Nẵng,75,76,38,88,25,96,82,73,35,99,61,81,63,23,65,81,26,79
2025-09-10,Khánh Hòa,31,25,58,83,78,41,47,80,27,34,92,25,43,81,16,73,80,47
2025-09-11,Bình Định,65,68,86,94,72,50,84,24,68,57,25,15,62,11,46,98,61,54
2025-09-11,Quảng Trị,72,70,81,95,73,31,89,1,68,52,19,79,31,52,97,95,49,11
2025-09-11,Quảng Bình,28,6,69,12,86,45,42,25,48,71,33,92,60,94,29,86,72,6
2025-09-12,Gia Lai,70,91,20,58,10,20,33,93,6,93,7,13,86,79,96,78,39,27
2025-09-12,Ninh Thuận,13,95,40,12,54,68,23,21,12,18,56,40,68,36,61,26,36,17
2025-09-13,Đà Nẵng,42,54,34,99,27,96,60,9,17,92,90,91,95,70,15,70,89,98
2025-09-13,Quảng Ngãi,35,17,28,18,73,60,83,60,39,93,69,3,1,26,83,56,15,7
2025-09-13,Đắk Nông,51,67,90,72,33,42,27,57,74,25,15,70,97,74,46,24,33,90
2025-09-14,Huế,70,9,20,2,13,30,20,97,82,80,63,60,5,57,12,98,31,24
2025-09-14,Kon Tum,53,5,3,28,77,44,57,8,69,79,74,23,79,41,13,10,12,14
2025-09-14,Khánh Hòa,99,43,78,46,34,84,18,4,1,9,73,94,4,19,15,92,50,20
2025-09-15,Huế,75,21,6,10,49,1,44,20,11,71,98,27,24,93,56,70,7,59
2025-09-15,Phú Yên,6,65,32,67,18,84,9,13,2,14,21,74,79,37,40,21,10,52
2025-09-16,Đắk Lắk,33,92,57,43,68,20,53,14,6,94,44,50,34,67,64,0,18,53
2025-09-16,Quảng Nam,61,8,0,10,20,77,33,67,44,48,63,2,65,34,35,49,7,18
2025-09-17,Đà Nẵng,45,15,95,36,68,84,32,56,84,74,74,55,96,45,30,79,50,95
2025-09-17,Khánh Hòa,61,57,34,29,1,99,91,92,17,43,42,83,39,50,74,88,39,88
2025-09-18,Bình Định,96,28,14,30,69,86,68,26,16,97,31,95,84,1,97,12,60,58
2025-09-18,Quảng Trị,24,22,22,49,54,53,27,18,64,81,20,21,4,90,40,65,58,88
2025-09-18,Quảng Bình,14,48,75,52,91,48,76,17,59,77,61,97,47,91,95,26,9,95
2025-09-19,Gia Lai,67,69,81,37,67,82,7,7,79,17,50,71,99,50,0,13,41,14
2025-09-19,Ninh Thuận,65,72,32,50,16,51,47,82,92,33,98,60,54,64,94,24,59,15
2025-09-20,Đà Nẵng,70,57,42,50,66,67,42,58,49,63,49,34,56,60,61,28,79,25
2025-09-20,Quảng Ngãi,82,1,48,69,17,63,40,31,81,63,52,51,59,29,88,75,25,81
2025-09-20,Đắk Nông,96,61,66,57,66,82,77,83,47,26,65,30,8,38,69,98,97,78
2025-09-21,Huế,74,85,54,87,24,87,79,72,14,53,85,24,5,46,91,39,94,49
2025-09-21,Kon Tum,68,24,51,88,67,75,46,4,20,28,70,39,47,29,74,78,24,61
2025-09-21,Khánh Hòa,35,40,36,56,3,32,66,91,85,52,44,16,40,96,88,7,81,59
2025-09-22,Huế,54,84,2,22,1,86,57,65,14,62,9,17,18,18,90,79,15,96
2025-09-22,Phú Yên,79,28,76,7,8,10,37,78,32,52,35,44,13,69,92,48,30,96
2025-09-23,Đắk Lắk,88,58,83,17,82,24,4,80,44,17,20,42,68,32,98,71,55,26
2025-09-23,Quảng Nam,38,38,5,91,1,61,67,10,30,66,93,57,52,23,62,1,9,54
2025-09-24,Đà Nẵng,34,2,95,57,84,54,89,66,78,94,95,74,2,46,54,67,47,65
2025-09-24,Khánh Hòa,14,78,11,61,65,60,77,82,37,6,57,34,64,60,96,21,39,59
2025-09-25,Bình Định,34,36,34,44,39,66,12,35,50,98,31,97,96,46,72,19,69,88
2025-09-25,Quảng Trị,5,75,22,13,0,56,2,21,64,68,4,4,68,12,5,32,8,90
2025-09-25,Quảng Bình,7,23,75,45,77,50,19,29,11,96,87,72,78,1,49,84,71,70
2025-09-26,Gia Lai,46,21,48,26,21,40,10,94,91,72,30,77,13,53,25,0,30,56
2025-09-26,Ninh Thuận,34,27,56,15,87,15,59,7,32,50,63,94,16,59,68,77,84,72
2025-09-27,Đà Nẵng,86,60,59,79,49,68,15,50,15,62,18,0,32,83,94,26,25,8
2025-09-27,Quảng Ngãi,81,83,34,71,80,9,71,37,76,58,40,83,0,77,97,96,10,74
2025-09-27,Đắk Nông,1,63,46,29,12,2,80,62,31,81,26,63,10,54,15,21,71,86
2025-09-28,Huế,9,92,82,99,54,18,95,68,0,27,5,55,38,21,18,23,27,45
2025-09-28,Kon Tum,81,2,61,77,54,34,49,50,14,95,77,27,69,68,2,79,46,1
2025-09-28,Khánh Hòa,41,71,25,90,52,2,37,19,99,64,59,16,45,0,49,16,12,60
2025-09-29,Huế,16,91,24,84,26,59,13,27,6,75,61,74,21,24,91,59,31,64
2025-09-29,Phú Yên,27,49,61,57,84,70,89,2,49,97,42,23,53,40,83,41,62,2
2025-09-30,Đắk Lắk,69,45,32,31,74,18,35,90,27,32,79,95,93,67,63,99,43,94
2025-09-30,Quảng Nam,56,8,70,93,11,80,70,85,14,56,62,73,63,58,27,13,5,65
2025-10-01,Đà Nẵng,6,2,98,97,2,80,35,46,20,38,43,5,1,56,83,13,34,22
2025-10-01,Khánh Hòa,15,50,50,56,11,18,29,63,51,18,1,19,47,81,9,47,32,40
2025-10-02,Bình Định,90,30,65,65,50,16,48,0,66,20,99,51,29,54,13,24,94,5
2025-10-02,Quảng Trị,14,40,29,7,18,50,4,49,14,17,78,46,61,81,98,90,98,16
2025-10-02,Quảng Bình,63,97,32,98,90,87,25,3,30,2,18,47,54,35,69,54,94,27
2025-10-03,Gia Lai,90,24,44,36,15,15,73,75,88,31,60,15,73,9,89,35,22,4
2025-10-03,Ninh Thuận,36,57,64,73,65,20,74,65,76,79,54,10,26,0,15,47,50,37
2025-10-04,Đà Nẵng,99,92,31,41,62,37,95,80,1,69,76,98,19,54,45,21,39,40
2025-10-04,Quảng Ngãi,66,22,41,26,79,77,78,76,67,55,90,82,2,84,69,65,2,89
2025-10-04,Đắk Nông,16,91,23,60,46,49,63,43,90,97,0,31,69,84,84,23,11,72
2025-10-05,Huế,81,81,97,26,81,6,90,98,92,32,59,25,75,4,64,47,98,26
2025-10-05,Kon Tum,56,16,60,78,80,18,90,96,85,54,96,65,15,55,39,94,80,41
2025-10-05,Khánh Hòa,1,67,45,31,6,4,63,17,6,86,67,61,70,44,69,31,4,15
2025-10-06,Huế,18,96,20,70,6,55,25,44,95,45,19,84,47,24,81,30,39,12
2025-10-06,Phú Yên,48,24,44,79,50,48,5,96,80,71,88,54,64,1,49,46,62,16
2025-10-07,Đắk Lắk,37,54,45,58,82,10,39,3,52,64,69,78,69,57,34,40,59,22
2025-10-07,Quảng Nam,23,24,59,5,14,54,66,80,93,79,6,86,90,57,6,19,81,76
2025-10-08,Đà Nẵng,87,50,91,77,84,89,72,82,77,42,29,67,21,91,73,36,62,83
2025-10-08,Khánh Hòa,46,43,93,36,89,85,50,51,98,85,11,34,79,39,31,51,60,15
2025-10-09,Bình Định,78,17,50,88,19,98,3,37,5,80,29,60,2,16,29,42,24,96
2025-10-09,Quảng Trị,39,46,2,86,5,80,61,67,17,52,57,6,31,18,20,57,6,31
2025-10-09,Quảng Bình,5,59,58,47,37,89,23,48,61,0,83,83,30,74,37,43,55,52
2025-10-10,Gia Lai,13,90,22,75,79,16,34,17,11,68,65,54,53,1,82,90,78,15
2025-10-10,Ninh Thuận,40,8,9,45,73,70,10,69,26,54,69,3,56,54,11,47,86,11
2025-10-11,Đà Nẵng,74,75,62,59,72,58,28,63,47,93,3,49,6,73,36,88,17,15
2025-10-11,Quảng Ngãi,4,27,89,83,23,29,14,46,26,1,32,26,77,10,27,0,57,53
2025-10-11,Đắk Nông,74,4,7,99,9,51,91,13,90,10,14,25,2,53,66,48,81,86
2025-10-12,Huế,9,17,21,97,77,68,5,76,55,86,62,34,12,19,0,17,23,10
2025-10-12,Kon Tum,58,50,13,68,62,15,7,59,11,6,15,9,62,21,7,47,28,71
2025-10-12,Khánh Hòa,10,44,3,10,82,96,78,69,85,59,18,32,14,22,99,37,84,11
2025-10-13,Huế,57,40,27,16,22,93,67,19,8,41,81,2,71,34,41,85,64,3
2025-10-13,Phú Yên,23,42,45,22,63,95,50,4,76,31,52,45,85,1,7,13,75,20
2025-10-14,Đắk Lắk,47,88,69,46,98,32,28,60,18,24,82,25,32,57,21,89,4,4
2025-10-14,Quảng Nam,40,26,24,22,88,88,84,36,58,70,60,30,61,3,33,21,11,45
2025-10-15,Đà Nẵng,42,88,41,67,82,35,97,24,15,5,22,46,5,69,78,51,29,41
2025-10-15,Khánh Hòa,58,71,64,96,36,18,84,29,66,31,24,39,7,3,83,73,46,17
2025-10-16,Bình Định,41,32,59,40,44,55,9,19,63,58,54,31,91,10,82,19,65,97
2025-10-16,Quảng Trị,51,38,54,5,26,63,96,30,32,20,97,73,15,93,94,75,62,58
2025-10-16,Quảng Bình,33,25,66,69,17,65,9,25,44,44,46,26,18,41,50,74,94,5
2025-10-17,Gia Lai,34,80,47,81,63,27,51,43,26,44,14,3,8,93,63,69,76,29
2025-10-17,Ninh Thuận,36,56,69,87,92,82,67,20,17,67,1,64,34,17,29,18,16,54
2025-10-18,Đà Nẵng,53,87,29,26,59,65,61,79,26,55,15,69,29,27,9,30,91,59
2025-10-18,Quảng Ngãi,14,62,7,12,0,18,10,39,95,45,63,5,66,67,49,7,16,44
2025-10-18,Đắk Nông,79,62,44,4,27,25,89,82,46,89,48,50,24,11,84,49,17,80
2025-10-19,Huế,7,73,18,5,16,24,46,4,15,69,4,52,30,65,30,30,55,29
2025-10-19,Kon Tum,40,37,68,95,15,36,77,29,5,34,59,23,51,6,51,34,29,68
2025-10-19,Khánh Hòa,41,6,56,58,56,8,71,64,3,72,77,93,32,55,53,82,66,70
2025-10-20,Huế,29,4,76,0,73,43,25,53,36,80,5,79,93,39,94,67,49,35
2025-10-20,Phú Yên,35,68,82,73,0,66,58,74,96,79,57,32,10,12,11,11,24,73
2025-10-21,Đắk Lắk,95,94,51,56,43,88,38,41,34,45,76,87,78,12,25,23,55,48
2025-10-21,Quảng Nam,4,96,27,34,37,91,86,69,73,30,1,77,6,29,12,40,8,43
2025-10-22,Đà Nẵng,70,76,75,62,80,59,85,72,41,55,24,67,58,74,81,33,23,57
2025-10-22,Khánh Hòa,3,97,64,96,37,91,1,79,86,89,45,38,17,8,33,60,33,28
2025-10-23,Bình Định,30,90,84,12,4,27,46,5,31,49,34,14,11,16,69,14,83,97
2025-10-23,Quảng Trị,98,97,51,50,5,12,8,44,54,76,17,6,90,9,32,55,55,65
2025-10-23,Quảng Bình,63,54,16,76,43,96,56,52,38,68,43,83,92,86,88,0,62,69
2025-10-24,Gia Lai,73,66,83,54,55,82,47,42,92,10,24,3,93,22,95,16,37,3
2025-10-24,Ninh Thuận,38,59,33,26,43,44,1,4,27,90,7,18,93,14,15,54,29,98
2025-10-25,Đà Nẵng,16,34,59,17,22,92,13,44,16,95,0,76,3,96,8,91,2,66
2025-10-25,Quảng Ngãi,1,37,45,65,45,88,86,7,51,50,86,93,61,79,13,23,63,97
2025-10-25,Đắk Nông,90,54,30,5,19,15,78,22,10,22,3,95,64,55,4,56,58,83
2025-10-26,Huế,28,45,57,2,23,65,49,72,59,79,40,57,17,32,41,87,61,23
2025-10-26,Kon Tum,28,16,94,55,93,86,56,49,49,36,33,96,33,96,46,42,13,33
2025-10-26,Khánh Hòa,11,2,70,7,12,99,96,77,26,39,31,46,11,21,55,91,83,97
2025-10-27,Huế,89,71,9,80,80,55,31,63,72,1,95,65,94,31,78,93,68,75
2025-10-27,Phú Yên,61,46,98,58,34,36,24,19,25,70,54,42,30,93,87,61,64,7
2025-10-28,Đắk Lắk,76,68,84,48,22,38,19,14,40,41,32,15,22,73,34,83,87,92
2025-10-28,Quảng Nam,13,62,56,92,5,54,91,72,22,33,30,41,56,97,1,93,20,56
2025-10-29,Đà Nẵng,35,90,14,68,28,87,39,55,64,58,31,52,36,71,65,55,33,36
2025-10-29,Khánh Hòa,32,61,43,61,16,18,99,43,63,89,68,56,50,99,13,3,45,2
2025-10-30,Bình Định,59,95,10,82,29,93,74,27,9,10,91,37,52,16,95,29,94,26
2025-10-30,Quảng Trị,24,94,37,11,91,87,57,34,94,76,27,26,14,48,4,44,41,26
2025-10-30,Quảng Bình,22,67,15,94,20,30,54,31,32,35,27,42,40,48,99,18,12,96
2025-10-31,Gia Lai,90,91,93,44,27,4,27,87,9,30,9,78,29,77,47,28,61,71
2025-10-31,Ninh Thuận,8,84,19,8,39,48,0,47,71,97,43,94,60,61,63,76,93,3
2025-11-01,Đà Nẵng,64,41,56,31,96,79,68,19,96,35,52,12,7,89,18,18,10,33
2025-11-01,Quảng Ngãi,81,60,76,52,58,3,11,50,46,12,65,70,71,67,74,98,39,53
2025-11-01,Đắk Nông,90,53,51,46,60,44,72,61,51,56,48,17,74,77,99,0,68,13
2025-11-02,Huế,21,39,10,34,79,39,91,17,88,24,89,40,26,16,7,20,14,71
2025-11-02,Kon Tum,65,84,53,49,27,46,92,90,45,0,32,7,85,25,8,57,97,53
2025-11-02,Khánh Hòa,93,34,2,69,39,59,65,70,86,2,67,72,79,34,67,91,6,37
2025-11-03,Huế,27,70,69,79,19,37,3,10,82,7,47,14,70,3,50,75,75,53
2025-11-03,Phú Yên,29,7,29,34,38,18,89,19,75,55,35,21,12,97,85,44,19,36
2025-11-04,Đắk Lắk,76,83,99,89,75,38,2,79,99,69,82,64,64,84,46,72,55,21
2025-11-04,Quảng Nam,29,4,41,13,57,3,98,60,3,61,98,84,40,88,42,45,41,55
2025-11-05,Đà Nẵng,1,69,37,95,48,52,73,45,44,46,78,24,21,19,20,84,51,14
2025-11-05,Khánh Hòa,51,49,97,42,34,49,8,31,55,28,28,3,0,64,99,79,18,96
2025-11-06,Bình Định,87,86,21,27,40,28,11,24,12,58,28,26,53,85,97,62,18,58
2025-11-06,Quảng Trị,4,63,13,11,74,60,33,6,97,34,83,78,93,59,23,94,13,66
2025-11-06,Quảng Bình,25,70,33,52,19,52,87,89,15,31,43,27,99,79,41,69,45,80
2025-11-07,Gia Lai,8,51,89,87,96,75,3,93,43,6,85,39,38,66,15,62,41,87
2025-11-07,Ninh Thuận,74,23,59,2,58,76,68,56,92,93,15,42,19,50,39,24,21,21
2025-11-08,Đà Nẵng,21,78,9,29,54,93,18,79,16,68,58,90,19,3,87,32,81,97
2025-11-08,Quảng Ngãi,38,86,33,83,58,65,5,65,44,38,91,33,46,50,77,91,39,33
2025-11-08,Đắk Nông,98,46,37,52,82,94,8,68,46,54,67,30,70,96,76,9,97,24
2025-11-09,Huế,11,32,45,0,10,55,77,67,34,76,50,8,15,80,49,79,15,23
2025-11-09,Kon Tum,10,21,47,52,78,63,12,52,91,19,43,22,98,13,97,83,25,33
2025-11-09,Khánh Hòa,62,15,41,38,21,79,76,42,57,18,13,57,92,88,17,36,69,90
2025-11-10,Huế,97,59,60,41,27,86,37,63,79,48,35,44,0,63,32,22,95,59
2025-11-10,Phú Yên,38,7,1,80,84,78,17,77,77,48,73,23,13,40,0,36,32,42
2025-11-11,Đắk Lắk,78,44,47,57,25,78,84,36,57,65,91,2,70,62,96,60,50,23
2025-11-11,Quảng Nam,41,34,80,74,54,32,57,61,99,8,46,66,19,22,40,43,71,29
2025-11-12,Đà Nẵng,24,14,52,55,25,69,59,51,12,51,60,88,19,27,32,91,75,46
2025-11-12,Khánh Hòa,28,81,92,5,23,69,68,52,86,58,39,2,68,20,30,40,3,99
2025-11-13,Bình Định,19,93,47,47,86,52,19,96,66,47,30,78,43,24,7,69,65,7
2025-11-13,Quảng Trị,61,30,39,3,31,46,46,28,33,46,9,0,75,80,74,93,36,56
2025-11-13,Quảng Bình,5,58,19,17,38,33,54,72,44,32,31,61,96,56,62,78,96,74
2025-11-14,Gia Lai,30,59,79,15,67,67,44,69,10,45,99,30,33,76,5,43,93,77
2025-11-14,Ninh Thuận,78,94,15,41,27,10,31,16,21,78,6,39,85,78,14,45,78,9
2025-11-15,Đà Nẵng,97,10,2,20,63,0,17,82,7,79,33,74,45,89,96,81,65,46
2025-11-15,Quảng Ngãi,45,56,77,86,37,6,63,60,76,91,61,32,15,90,12,11,79,49
2025-11-15,Đắk Nông,86,36,19,65,5,12,3,46,20,17,15,87,38,42,98,30,65,6
2025-11-16,Huế,82,0,72,28,85,92,42,14,16,71,5,22,98,73,44,65,52,6
2025-11-16,Kon Tum,50,82,15,49,60,42,86,93,69,48,61,39,20,66,8,2,87,58
2025-11-16,Khánh Hòa,43,67,5,78,11,44,70,49,66,69,89,72,64,64,1,78,55,33
2025-11-17,Huế,29,54,28,19,46,40,40,69,54,95,5,5,88,29,14,55,57,66
2025-11-17,Phú Yên,90,70,11,95,18,41,59,4,56,49,78,7,17,49,55,78,85,67
2025-11-18,Đắk Lắk,11,43,11,69,27,34,49,55,63,90,37,37,44,93,78,93,75,87
2025-11-18,Quảng Nam,6,74,93,40,66,77,78,52,12,61,37,64,90,6,74,41,98,83
2025-11-19,Đà Nẵng,57,79,92,42,14,57,59,55,67,67,16,11,18,15,14,45,6,19
2025-11-19,Khánh Hòa,8,14,67,75,30,87,29,5,30,56,57,33,26,42,75,7,17,45
2025-11-20,Bình Định,23,61,62,88,70,29,32,80,66,14,44,67,37,40,7,90,8,72
2025-11-20,Quảng Trị,53,61,63,43,8,62,59,75,47,99,75,92,37,20,71,1,45,41
2025-11-20,Quảng Bình,38,41,51,97,78,79,92,73,80,24,55,51,40,62,87,86,6,75
2025-11-21,Gia Lai,85,93,85,80,88,29,3,35,38,7,34,98,80,26,58,62,61,67
2025-11-21,Ninh Thuận,37,38,13,98,50,93,19,76,46,51,13,91,17,17,38,94,14,36
2025-11-22,Đà Nẵng,13,19,41,60,41,3,83,71,18,3,19,16,4,39,24,79,14,38
2025-11-22,Quảng Ngãi,97,84,6,37,67,84,42,65,58,37,87,5,52,18,9,68,80,10
2025-11-22,Đắk Nông,28,69,57,23,47,13,79,2,87,62,2,19,58,22,57,41,52,81
2025-11-23,Huế,64,32,53,38,69,79,36,27,6,48,13,7,33,62,15,62,74,25
2025-11-23,Kon Tum,44,27,34,27,4,26,97,10,3,49,76,95,6,95,13,97,40,4
2025-11-23,Khánh Hòa,11,44,44,4,50,53,66,56,20,41,3,26,54,68,7,82,15,13
2025-11-24,Huế,79,85,76,42,72,96,52,81,86,58,66,52,92,80,46,26,25,69
2025-11-24,Phú Yên,88,95,76,78,34,73,74,44,91,83,96,66,49,66,34,30,28,32
2025-11-25,Đắk Lắk,38,47,9,95,33,51,60,88,94,93,89,96,84,13,68,16,38,6
2025-11-25,Quảng Nam,0,35,38,11,61,95,87,62,11,86,61,99,49,20,76,27,39,38
2025-11-26,Đà Nẵng,64,61,15,40,65,90,86,92,96,78,33,33,27,88,15,32,93,6
2025-11-26,Khánh Hòa,77,30,86,60,15,97,40,74,53,95,59,17,11,92,18,18,53,14
2025-11-27,Bình Định,17,24,15,24,12,85,30,74,63,84,5,28,18,15,34,20,57,79
2025-11-27,Quảng Trị,82,53,20,99,6,98,98,64,73,56,92,58,47,89,42,72,22,36
2025-11-27,Quảng Bình,11,17,0,34,45,96,86,94,71,49,19,6,67,49,33,16,92,38
2025-11-28,Gia Lai,63,94,44,16,10,10,26,74,45,63,96,39,13,50,25,23,51,46
2025-11-28,Ninh Thuận,39,88,22,52,61,2,67,22,32,80,48,76,12,93,4,34,74,28
2025-11-29,Đà Nẵng,1,38,19,86,62,29,92,34,44,91,99,79,78,20,84,95,6,12
2025-11-29,Quảng Ngãi,36,89,62,28,29,8,59,88,49,4,14,54,53,81,65,6,24,6
2025-11-29,Đắk Nông,32,54,88,23,90,9,95,32,1,5,37,18,33,5,68,85,96,28
2025-11-30,Huế,86,39,42,89,88,15,67,36,50,72,38,14,40,17,97,94,81,49
2025-11-30,Kon Tum,88,31,29,89,60,60,85,0,0,84,74,15,76,91,77,94,44,14
2025-11-30,Khánh Hòa,90,54,73,3,51,6,79,40,53,71,60,42,75,55,10,40,87,50
2025-12-01,Huế,0,48,53,69,61,0,39,58,7,21,11,44,31,78,66,65,3,54
2025-12-01,Phú Yên,23,21,74,55,37,27,64,65,37,69,26,31,21,80,73,97,73,91
2025-12-02,Đắk Lắk,48,41,93,9,71,21,78,51,58,44,18,49,50,5,51,33,89,89
2025-12-02,Quảng Nam,72,68,37,64,34,60,42,40,54,63,59,13,82,92,22,15,91,74
2025-12-03,Đà Nẵng,41,23,91,80,14,80,98,9,42,52,43,27,91,44,87,65,64,22
2025-12-03,Khánh Hòa,51,58,3,71,42,77,66,32,76,55,46,48,81,9,61,17,61,70
2025-12-04,Bình Định,65,10,51,18,70,58,44,63,60,57,14,78,41,39,19,45,41,78
2025-12-04,Quảng Trị,69,45,43,37,86,60,6,37,82,73,46,71,78,47,26,69,32,14
2025-12-04,Quảng Bình,26,88,4,52,32,10,28,49,61,30,30,75,47,66,94,81,68,0
2025-12-05,Gia Lai,99,36,87,57,47,8,93,30,89,60,86,1,10,1,39,50,22,95
2025-12-05,Ninh Thuận,78,17,80,54,88,71,95,26,4,32,95,97,24,80,18,28,41,86
2025-12-06,Đà Nẵng,99,76,87,38,42,71,2,89,24,28,31,60,21,19,41,70,99,82
2025-12-06,Quảng Ngãi,97,40,36,96,95,28,77,52,66,63,27,22,84,51,65,87,49,63
2025-12-06,Đắk Nông,93,97,16,56,74,94,89,48,51,32,47,68,87,28,2,41,1,3
2025-12-07,Huế,62,17,44,36,67,26,99,46,28,80,57,78,69,84,74,13,84,54
2025-12-07,Kon Tum,76,11,42,62,14,23,70,70,1,57,82,29,80,96,94,77,85,6
2025-12-07,Khánh Hòa,46,39,88,96,34,92,77,43,44,69,91,58,41,81,35,70,58,67
2025-12-08,Huế,5,14,53,96,56,29,11,19,47,59,98,33,35,28,40,64,77,58
2025-12-08,Phú Yên,71,97,43,10,58,98,74,37,70,44,94,84,30,14,12,3,17,18
2025-12-09,Đắk Lắk,60,23,35,97,64,41,76,39,97,13,12,51,37,57,96,50,50,49
2025-12-09,Quảng Nam,38,33,95,89,44,51,36,35,57,14,22,74,87,96,13,80,62,59
2025-12-10,Đà Nẵng,71,16,65,9,9,7,4,32,58,2,84,88,82,93,62,54,83,29
2025-12-10,Khánh Hòa,31,8,37,33,85,7,70,68,7,60,25,59,88,48,86,69,27,32
2025-12-11,Bình Định,55,31,16,60,15,39,66,33,79,9,7,4,18,22,45,10,63,28
2025-12-11,Quảng Trị,59,93,1,52,92,8,78,95,25,25,32,25,49,35,77,3,50,61
2025-12-11,Quảng Bình,16,42,45,87,25,24,10,98,49,24,78,52,64,41,66,75,68,92
2025-12-12,Gia Lai,9,44,4,96,83,50,69,88,1,28,73,83,8,36,24,16,84,76
2025-12-12,Ninh Thuận,45,4,37,23,69,33,16,97,87,64,13,26,72,10,7,40,77,22
2025-12-13,Đà Nẵng,23,10,81,92,19,4,58,6,36,67,22,77,94,49,31,1,61,59
2025-12-13,Quảng Ngãi,37,77,19,81,97,11,99,40,71,68,86,81,15,78,89,44,11,37
2025-12-13,Đắk Nông,1,70,74,15,1,16,15,47,36,54,62,46,91,92,43,82,96,49
2025-12-14,Huế,8,95,50,18,71,84,68,69,65,5,63,72,31,96,23,92,73,2
2025-12-14,Kon Tum,3,11,22,47,83,65,55,48,74,57,47,43,49,9,26,68,26,87
2025-12-14,Khánh Hòa,5,67,55,71,5,78,4,46,21,64,15,46,89,75,14,52,24,35
2025-12-15,Huế,25,56,91,68,14,53,80,53,9,12,24,56,85,5,5,12,65,42
2025-12-15,Phú Yên,11,89,49,48,24,21,67,28,73,36,49,37,95,61,22,57,88,33
2025-12-16,Đắk Lắk,69,22,2,71,8,45,13,61,29,44,63,7,14,62,39,96,63,62
2025-12-16,Quảng Nam,54,91,35,30,10,43,50,82,96,58,44,98,85,58,23,22,43,27
2025-12-17,Đà Nẵng,2,94,54,84,97,54,25,24,46,70,43,6,41,52,15,4,46,65
2025-12-17,Khánh Hòa,32,23,34,39,37,97,26,24,25,86,80,86,27,58,37,2,56,59
2025-12-18,Bình Định,92,20,42,88,21,8,18,85,24,85,26,79,9,67,39,43,90,41
2025-12-18,Quảng Trị,76,53,16,56,13,98,13,50,48,55,7,21,68,42,26,85,35,99
2025-12-18,Quảng Bình,24,93,18,65,4,88,82,70,15,48,27,40,84,48,92,69,47,20
2025-12-19,Gia Lai,14,82,41,54,43,29,95,24,13,74,67,83,39,76,45,20,87,18
2025-12-19,Ninh Thuận,62,6,19,33,63,14,53,73,80,87,14,89,45,79,24,87,6,8
2025-12-20,Đà Nẵng,88,77,12,62,79,90,53,49,25,87,62,13,1,9,70,85,77,40
2025-12-20,Quảng Ngãi,45,23,88,99,65,36,12,36,30,75,37,74,8,97,74,36,79,27
2025-12-20,Đắk Nông,18,82,0,15,7,9,65,84,14,77,25,70,35,64,35,65,5,37
2025-12-21,Huế,12,16,58,9,18,97,59,74,25,68,89,66,60,84,76,30,6,20
2025-12-21,Kon Tum,4,5,67,11,82,54,29,47,63,41,7,6,23,63,41,61,44,9
2025-12-21,Khánh Hòa,92,83,32,1,76,77,37,15,11,67,89,63,94,84,54,21,6,55
2025-12-22,Huế,27,56,74,59,46,69,57,71,22,43,3,72,1,89,63,51,92,30
2025-12-22,Phú Yên,28,46,13,55,38,77,99,28,87,1,60,50,41,92,86,0,36,91
2025-12-23,Đắk Lắk,75,1,51,89,60,39,95,97,13,10,97,60,22,56,61,56,50,4
2025-12-23,Quảng Nam,90,35,40,16,59,65,62,96,49,14,72,20,4,71,64,46,43,66
2025-12-24,Đà Nẵng,0,0,68,7,38,76,97,20,16,15,8,67,84,17,63,34,30,61
2025-12-24,Khánh Hòa,40,36,5,51,51,35,26,98,36,54,90,43,94,46,69,59,32,35
2025-12-25,Bình Định,55,89,75,73,56,93,15,88,40,17,73,56,65,5,60,37,96,94
2025-12-25,Quảng Trị,66,56,91,66,38,34,51,58,81,80,55,7,81,81,21,45,91,18
2025-12-25,Quảng Bình,4,88,83,22,21,78,5,11,7,18,22,9,9,50,53,10,48,37
2025-12-26,Gia Lai,36,76,56,6,42,21,73,90,35,77,79,62,62,61,89,14,46,1
2025-12-26,Ninh Thuận,28,90,37,88,82,69,92,90,22,69,16,56,45,26,33,47,12,37
2025-12-27,Đà Nẵng,13,43,95,80,37,1,43,57,91,63,80,30,71,24,37,48,25,38
2025-12-27,Quảng Ngãi,19,16,97,73,16,41,48,11,68,85,29,62,45,52,4,15,21,82
2025-12-27,Đắk Nông,88,36,8,11,91,15,25,70,59,37,56,91,94,86,93,61,7,1
2025-12-28,Huế,79,9,4,4,94,13,46,20,59,87,96,54,24,93,44,11,45,57
2025-12-28,Kon Tum,96,67,98,8,94,63,33,7,39,98,59,98,64,33,44,19,67,71
2025-12-28,Khánh Hòa,59,57,36,20,52,20,8,16,70,47,80,83,67,36,71,82,80,46
2025-12-29,Huế,7,2,51,55,23,39,80,66,77,37,56,81,50,50,97,49,38,18
2025-12-29,Phú Yên,47,38,41,92,84,97,37,63,89,69,19,37,41,40,99,0,95,95
2025-12-30,Đắk Lắk,44,68,35,83,86,6,50,61,63,45,87,94,12,65,36,90,95,79
2025-12-30,Quảng Nam,14,52,89,51,7,79,97,3,96,16,28,75,34,79,13,37,2,19
2025-12-31,Đà Nẵng,82,61,35,37,54,40,90,15,47,90,86,48,79,92,55,51,13,15
2025-12-31,Khánh Hòa,41,24,39,7,21,52,34,93,12,39,86,87,9,9,32,42,18,33
2026-01-01,Bình Định,98,24,34,42,96,4,37,21,83,1,12,18,0,98,68,76,44,20
2026-01-01,Quảng Trị,8,14,4,86,31,21,61,28,16,16,57,95,18,97,76,66,59,7
2026-01-01,Quảng Bình,31,54,83,84,96,41,17,45,13,12,58,46,98,24,84,57,27,58
2026-01-02,Gia Lai,68,26,43,86,69,65,63,31,98,46,6,93,71,0,91,74,9,75
2026-01-02,Ninh Thuận,56,54,27,86,23,84,35,92,37,32,17,0,30,56,81,84,29,24
2026-01-03,Đà Nẵng,76,80,29,75,32,49,51,66,0,22,73,93,26,53,25,0,76,90
2026-01-03,Quảng Ngãi,44,68,16,29,66,90,8,92,8,12,24,15,91,40,19,83,23,6
2026-01-03,Đắk Nông,53,40,77,33,63,43,14,15,10,12,79,10,47,14,9,72,72,46
2026-01-04,Huế,64,11,25,3,85,56,40,70,20,82,71,60,64,27,15,95,53,81
2026-01-04,Kon Tum,4,65,34,96,17,72,96,52,61,54,83,9,66,20,86,16,51,78
2026-01-04,Khánh Hòa,67,48,72,21,45,4,70,53,93,89,81,78,84,98,88,57,42,27
2026-01-05,Huế,70,6,30,91,79,97,49,73,89,29,49,25,3,61,67,51,30,78
2026-01-05,Phú Yên,54,29,50,4,85,35,90,59,2,17,16,10,18,15,33,28,80,59
2026-01-06,Đắk Lắk,17,93,73,42,28,91,86,99,92,24,71,52,8,71,80,3,92,32
2026-01-06,Quảng Nam,3,66,53,84,91,37,48,78,2,21,65,9,33,34,14,97,20,74
2026-01-07,Đà Nẵng,57,62,29,98,92,79,12,76,98,64,42,11,43,63,76,84,57,53
2026-01-07,Khánh Hòa,80,4,9,43,29,96,51,33,39,52,41,35,22,40,37,5,61,76
2026-01-08,Bình Định,34,0,57,60,83,37,34,97,67,70,85,77,6,21,51,66,38,65
2026-01-08,Quảng Trị,62,73,4,81,86,82,59,62,17,68,27,27,90,39,85,84,70,63
2026-01-08,Quảng Bình,84,23,76,17,50,21,9,73,84,69,91,56,79,38,25,15,3,13
2026-01-09,Gia Lai,52,32,91,33,6,97,26,89,38,74,18,34,63,44,71,63,70,45
2026-01-09,Ninh Thuận,52,33,38,84,71,18,42,75,76,78,19,3,2,25,9,99,16,97
2026-01-10,Đà Nẵng,33,26,30,35,2,28,87,56,19,91,53,11,68,13,12,39,60,61
2026-01-10,Quảng Ngãi,71,88,29,12,39,54,30,34,93,94,19,66,32,92,85,43,13,1
2026-01-10,Đắk Nông,99,21,38,37,28,34,1,43,47,11,52,78,34,86,74,23,37,37
2026-01-11,Huế,15,84,64,84,90,41,73,76,26,35,23,77,84,57,99,98,60,25
2026-01-11,Kon Tum,63,42,47,90,64,44,60,89,80,0,75,40,16,50,39,50,74,23
2026-01-11,Khánh Hòa,46,56,41,17,83,61,12,85,96,92,96,1,51,99,75,11,93,37
2026-01-12,Huế,1,37,57,46,78,50,25,57,75,48,34,64,19,75,76,87,69,41
2026-01-12,Phú Yên,82,7,52,6,26,80,51,93,95,86,7,13,99,30,78,39,58,6
2026-01-13,Đắk Lắk,19,15,99,9,6,92,86,89,28,89,84,97,34,98,5,95,53,57
2026-01-13,Quảng Nam,5,93,3,62,2,32,40,89,80,98,17,9,81,11,96,52,44,80
2026-01-14,Đà Nẵng,4,17,88,4,1,79,87,6,98,60,88,14,25,74,22,51,10,74
2026-01-14,Khánh Hòa,50,69,68,79,1,66,9,7,11,49,2,91,19,74,98,54,68,66
2026-01-15,Bình Định,36,72,50,11,81,99,3,91,84,25,27,70,91,25,70,72,74,92
2026-01-15,Quảng Trị,94,64,77,32,56,47,1,63,44,52,86,79,3,96,78,62,89,88
2026-01-15,Quảng Bình,81,83,34,3,59,88,70,23,59,3,20,85,94,83,94,56,34,89
2026-01-16,Gia Lai,45,65,22,30,32,9,57,36,45,98,87,19,71,34,93,25,41,57
2026-01-16,Ninh Thuận,87,45,2,56,51,63,21,2,95,75,81,77,0,50,93,46,19,0
2026-01-17,Đà Nẵng,47,44,82,88,29,29,41,72,99,88,73,67,89,33,48,3,9,76
2026-01-17,Quảng Ngãi,92,29,57,74,95,18,90,26,53,38,54,23,66,81,54,61,91,42
2026-01-17,Đắk Nông,3,41,7,95,27,94,19,25,3,36,77,55,6,16,4,0,1,2
2026-01-18,Huế,11,26,22,33,1,17,34,69,67,33,54,40,53,65,93,81,20,25
2026-01-18,Kon Tum,3,11,1,38,1,3,74,17,98,72,70,33,16,79,6,84,74,3
2026-01-18,Khánh Hòa,36,65,13,86,35,45,22,32,11,34,44,82,58,58,32,64,92,27
2026-01-19,Huế,2,13,82,81,89,82,43,31,51,71,64,8,97,68,18,58,13,64
2026-01-19,Phú Yên,21,11,39,18,98,51,4,2,45,82,2,4,88,34,55,38,74,15
2026-01-20,Đắk Lắk,4,79,66,93,22,46,20,72,91,89,86,94,38,1,29,58,5,85
2026-01-20,Quảng Nam,18,76,90,54,17,9,26,22,76,15,90,81,98,54,38,74,14,16
2026-01-21,Đà Nẵng,11,91,57,9,90,78,97,78,49,47,68,6,75,74,92,18,89,82
2026-01-21,Khánh Hòa,51,40,76,60,39,64,5,86,7,58,39,49,43,55,4,31,65,15
2026-01-22,Bình Định,70,71,70,36,67,55,19,63,43,80,65,37,85,13,88,12,98,52
2026-01-22,Quảng Trị,42,76,42,31,89,45,12,9,58,77,54,99,3,97,84,98,39,55
2026-01-22,Quảng Bình,95,26,16,82,40,96,99,23,37,56,68,2,31,66,0,78,3,54
2026-01-23,Gia Lai,50,91,55,2,19,96,53,41,31,78,58,71,1,37,70,97,16,32
2026-01-23,Ninh Thuận,50,92,85,33,44,43,30,41,19,5,39,32,49,68,57,91,11,96
2026-01-24,Đà Nẵng,74,76,59,13,6,56,11,71,43,46,63,47,49,7,61,79,48,59
2026-01-24,Quảng Ngãi,24,32,97,42,95,15,93,1,59,9,89,42,29,39,20,46,87,21
2026-01-24,Đắk Nông,35,26,34,54,7,74,99,23,99,30,80,54,6,15,24,87,89,78
2026-01-25,Huế,54,75,99,90,43,38,44,95,79,52,48,90,70,57,37,36,83,70
2026-01-25,Kon Tum,77,82,90,69,86,85,64,35,19,29,2,89,20,83,79,10,29,73
2026-01-25,Khánh Hòa,99,88,87,37,11,34,46,42,67,67,18,42,82,16,57,52,61,80
2026-01-26,Huế,82,91,17,56,35,85,49,10,87,63,89,72,5,33,95,30,46,53
2026-01-26,Phú Yên,72,69,69,20,2,12,34,97,96,85,51,36,93,19,59,38,0,68
2026-01-27,Đắk Lắk,97,63,80,46,10,58,82,38,42,10,61,3,83,29,76,89,96,92
2026-01-27,Quảng Nam,92,89,42,89,41,10,34,89,81,68,16,23,33,47,36,60,51,15
2026-01-28,Đà Nẵng,36,1,50,77,27,85,57,73,93,33,84,76,30,43,30,9,21,7
2026-01-28,Khánh Hòa,21,14,54,5,57,60,23,27,33,9,80,86,44,70,44,6,44,75
2026-01-29,Bình Định,16,94,0,33,12,12,20,55,8,39,81,81,13,48,49,94,40,28
2026-01-29,Quảng Trị,34,47,12,35,45,63,66,66,60,57,4,9,57,20,67,80,26,82
2026-01-29,Quảng Bình,28,8,7,96,68,19,8,1,28,51,24,16,12,88,12,76,83,28
2026-01-30,Gia Lai,59,93,81,71,9,14,64,96,52,81,45,34,88,80,2,36,30,23
2026-01-30,Ninh Thuận,77,19,48,13,7,74,21,49,92,41,53,27,46,34,97,95,98,61
2026-01-31,Đà Nẵng,10,86,47,27,5,57,53,47,81,72,56,70,32,39,87,77,26,55
2026-01-31,Quảng Ngãi,3,39,82,73,19,36,73,90,0,36,16,90,49,99,52,66,40,4
2026-01-31,Đắk Nông,87,50,87,74,29,20,44,27,97,48,16,74,80,87,81,77,29,13
2026-02-01,Huế,67,35,29,81,82,22,26,89,51,33,84,32,1,51,98,41,3,79
2026-02-01,Kon Tum,78,60,53,44,99,62,91,90,97,90,87,32,6,79,8,4,62,7
2026-02-01,Khánh Hòa,53,54,57,68,22,31,96,69,41,96,97,22,67,18,97,22,96,67
2026-02-02,Huế,8,50,42,25,28,22,44,12,55,13,38,86,85,37,14,33,76,61
2026-02-02,Phú Yên,33,13,29,3,48,64,90,12,53,62,55,51,0,85,97,93,64,46
2026-02-03,Đắk Lắk,11,10,61,7,38,45,18,89,12,70,19,10,37,59,95,64,59,75
2026-02-03,Quảng Nam,38,37,56,2,94,61,74,32,51,24,38,53,32,27,49,89,22,78
2026-02-04,Đà Nẵng,89,20,55,59,72,95,87,30,98,94,87,52,98,71,52,35,4,34
2026-02-04,Khánh Hòa,3,25,83,69,63,93,99,95,50,47,45,90,57,5,26,39,24,20
2026-02-05,Bình Định,12,87,92,92,57,40,60,76,86,28,11,97,21,47,32,44,45,46
2026-02-05,Quảng Trị,24,39,75,22,32,25,77,81,56,85,12,91,28,0,35,71,53,81
2026-02-05,Quảng Bình,74,10,86,27,17,72,12,69,67,2,82,25,80,88,69,58,40,6
2026-02-06,Gia Lai,60,0,57,62,11,20,43,32,86,17,52,7,1,95,30,65,82,74
2026-02-06,Ninh Thuận,66,53,96,10,45,59,8,52,31,59,26,44,11,64,39,46,69,19
2026-02-07,Đà Nẵng,29,46,11,72,11,39,75,30,89,99,92,61,7,82,4,74,7,18
2026-02-07,Quảng Ngãi,49,27,71,69,35,26,28,74,44,63,80,46,52,71,18,89,79,25
2026-02-07,Đắk Nông,64,7,78,81,33,34,57,55,93,43,19,24,80,74,90,2,50,57
2026-02-08,Huế,21,43,8,12,71,63,47,95,37,41,65,61,49,17,39,54,86,49
2026-02-08,Kon Tum,88,89,9,65,9,37,10,21,73,72,9,36,90,59,77,67,87,94
2026-02-08,Khánh Hòa,62,70,55,81,62,6,81,95,12,25,99,64,15,61,79,1,92,81
2026-02-09,Huế,79,69,22,37,31,19,29,82,85,69,65,96,11,9,30,36,57,90
2026-02-09,Phú Yên,54,17,10,98,62,24,90,37,43,85,23,15,81,41,56,48,15,53
2026-02-10,Đắk Lắk,45,74,37,41,34,54,30,92,85,58,45,21,73,66,12,99,25,11
2026-02-10,Quảng Nam,26,90,66,95,3,50,90,83,34,48,74,6,50,50,56,39,62,67
2026-02-11,Đà Nẵng,55,21,0,55,35,47,56,74,92,31,68,96,40,42,7,63,84,92
2026-02-11,Khánh Hòa,2,2,74,9,82,69,6,63,77,19,85,0,24,71,46,45,82,57
2026-02-12,Bình Định,44,97,90,92,65,39,55,31,97,90,13,40,9,7,20,90,89,65
2026-02-12,Quảng Trị,40,93,31,14,25,89,7,66,0,65,72,25,39,3,92,84,21,92
2026-02-12,Quảng Bình,8,51,8,50,5,43,54,70,8,29,51,15,44,99,19,78,38,12
2026-02-13,Gia Lai,82,20,93,73,54,37,4,93,96,24,78,92,49,37,29,16,5,66
2026-02-13,Ninh Thuận,71,69,6,48,72,74,12,33,50,61,83,63,44,48,51,50,34,7
2026-02-14,Đà Nẵng,44,59,11,40,17,81,51,11,71,51,18,63,14,43,26,37,75,52
2026-02-14,Quảng Ngãi,31,0,56,72,0,87,66,0,64,88,80,45,74,14,42,46,77,71
2026-02-14,Đắk Nông,8,85,54,46,59,78,55,22,26,67,30,59,66,69,41,23,12,22
2026-02-15,Huế,8,11,47,20,85,59,75,7,1,19,66,82,47,47,86,14,85,15
2026-02-15,Kon Tum,24,30,90,4,10,64,72,53,71,97,78,33,46,41,21,45,75,26
2026-02-15,Khánh Hòa,54,51,74,19,13,36,36,6,62,32,29,25,6,43,72,19,82,20
2026-02-16,Huế,68,34,14,54,65,78,71,1,80,49,83,58,87,56,74,28,9,98
2026-02-16,Phú Yên,93,68,58,69,3,71,43,95,96,86,27,68,74,90,62,73,39,71
2026-02-17,Đắk Lắk,66,5,61,54,4,17,17,90,39,0,24,50,13,58,1,96,6,51
2026-02-17,Quảng Nam,2,7,21,47,38,81,8,86,91,11,93,99,62,1,14,6,58,11
2026-02-18,Đà Nẵng,85,5,74,82,33,91,97,5,13,50,65,62,61,8,6,62,92,98
2026-02-18,Khánh Hòa,26,76,41,57,19,72,67,76,14,90,90,28,74,42,91,54,98,80
2026-02-19,Bình Định,39,95,34,76,0,75,22,98,20,37,78,49,30,55,83,49,25,20
2026-02-19,Quảng Trị,21,64,86,98,13,12,59,84,65,55,14,20,14,11,43,61,96,40
2026-02-19,Quảng Bình,65,49,64,64,69,84,67,59,37,34,21,47,57,43,44,24,62,19
2026-02-20,Gia Lai,43,31,90,10,87,20,25,82,50,46,55,60,15,15,41,19,33,48
2026-02-20,Ninh Thuận,98,62,68,91,79,76,63,94,30,83,54,80,50,80,32,21,19,21
2026-02-21,Đà Nẵng,92,18,1,99,7,62,2,62,47,82,54,55,43,53,69,45,89,58
2026-02-21,Quảng Ngãi,87,2,79,64,54,39,17,14,8,64,27,21,67,9,70,18,68,43
2026-02-21,Đắk Nông,75,92,66,37,90,25,41,25,40,64,54,29,22,20,96,78,76,79
2026-02-22,Huế,80,78,9,65,35,0,84,18,75,54,39,48,26,74,24,48,18,66
2026-02-22,Kon Tum,99,27,36,31,42,18,5,8,22,80,65,89,58,5,80,76,96,38
2026-02-22,Khánh Hòa,33,22,32,77,34,4,38,8,48,76,65,99,66,38,54,70,1,85
2026-02-23,Huế,82,51,79,0,17,94,85,24,93,32,36,52,57,96,83,58,11,96
2026-02-23,Phú Yên,64,20,54,89,26,91,58,44,3,69,23,91,18,42,71,73,22,63
2026-02-24,Đắk Lắk,99,18,13,59,91,43,74,50,18,15,9,56,7,59,59,31,64,79
2026-02-24,Quảng Nam,7,92,24,99,83,94,21,1,22,84,52,28,97,69,27,61,33,18
2026-02-25,Đà Nẵng,57,25,85,33,99,1,48,64,24,76,11,24,16,33,22,37,98,56
2026-02-25,Khánh Hòa,75,55,17,10,86,6,60,90,72,13,38,29,89,39,99,26,58,89
2026-02-26,Bình Định,20,53,11,23,25,93,40,82,21,16,77,39,2,58,92,40,86,85
2026-02-26,Quảng Trị,97,85,83,86,70,42,21,25,22,26,20,29,62,2,39,59,73,56
2026-02-26,Quảng Bình,51,77,14,56,85,53,65,12,22,78,18,24,75,86,88,96,42,61
2026-02-27,Gia Lai,21,33,38,61,76,97,19,27,11,6,19,83,92,46,99,61,61,16
2026-02-27,Ninh Thuận,30,16,62,27,12,85,9,32,11,14,23,0,29,25,74,83,71,91
2026-02-28,Đà Nẵng,36,22,9,36,26,12,36,23,13,19,47,92,55,78,61,88,50,26
2026-02-28,Quảng Ngãi,29,2,44,12,84,10,29,3,48,80,74,41,27,1,41,69,5,14
2026-02-28,Đắk Nông,88,46,91,60,53,10,19,70,57,93,12,47,78,1,10,32,66,47
2026-03-01,Huế,10,64,46,20,88,6,22,26,47,98,94,38,3,4,1,50,25,8
2026-03-01,Kon Tum,19,87,91,65,88,9,14,30,47,18,71,67,75,77,3,6,78,0
2026-03-01,Khánh Hòa,40,19,2,85,51,55,79,39,38,85,47,27,15,50,44,31,2,95
2026-03-02,Huế,95,56,39,79,3,36,30,3,18,60,55,13,16,13,61,85,53,86
2026-03-02,Phú Yên,94,41,35,89,89,5,46,29,87,18,93,52,55,71,39,89,22,94
2026-03-03,Đắk Lắk,31,94,87,41,56,96,61,18,24,26,89,78,14,14,40,80,71,80
2026-03-03,Quảng Nam,64,5,28,93,31,53,33,12,11,70,40,69,95,58,82,91,66,58
2026-03-04,Đà Nẵng,61,29,98,97,25,23,2,53,88,63,47,79,39,44,9,54,76,96
2026-03-04,Khánh Hòa,74,34,58,52,87,4,82,43,45,29,37,82,74,58,72,86,49,88
2026-03-05,Bình Định,45,6,95,58,1,87,70,84,39,57,68,60,45,35,86,64,52,28
2026-03-05,Quảng Trị,58,33,97,94,96,1,66,88,66,17,38,95,32,53,2,73,92,24
2026-03-05,Quảng Bình,8,82,38,68,97,51,99,62,14,27,42,74,43,1,51,68,15,86
2026-03-06,Gia Lai,19,92,80,44,92,22,13,91,55,11,71,80,76,18,31,93,48,58
2026-03-06,Ninh Thuận,94,1,29,37,48,76,57,44,21,72,68,28,46,40,22,78,86,63
2026-03-07,Đà Nẵng,55,52,58,32,91,68,98,10,33,2,88,73,82,40,69,13,90,11
2026-03-07,Quảng Ngãi,99,58,3,44,37,31,69,64,51,3,29,81,70,49,43,83,15,25
2026-03-07,Đắk Nông,98,68,66,38,93,46,84,19,41,10,70,88,27,66,50,25,71,34
2026-03-08,Huế,78,52,41,62,17,35,44,5,60,55,76,71,79,67,81,64,86,50
2026-03-09,Huế,3,86,25,94,73,55,98,83,65,88,97,42,19,55,14,77,61,32
2026-03-09,Phú Yên,58,83,9,51,65,86,23,52,19,73,48,12,5,13,81,0,2,70
2026-03-10,Đắk Lắk,96,52,11,5,77,46,53,86,96,11,89,48,17,79,65,98,32,74
2026-03-10,Quảng Nam,0,54,39,97,3,26,94,16,87,35,81,91,33,20,86,0,94,82
2026-03-11,Đà Nẵng,66,65,5,68,85,62,99,8,48,25,32,11,45,99,43,74,15,67
2026-03-11,Khánh Hòa,62,59,28,2,11,48,65,57,1,99,90,16,81,48,22,24,77,87
2026-03-12,Bình Định,65,64,23,61,28,76,44,40,80,21,11,63,15,40,34,74,82,4
2026-03-12,Quảng Trị,38,5,8,43,8,46,61,28,84,56,84,29,83,11,9,24,49,46
2026-03-12,Quảng Bình,98,75,55,49,65,46,18,81,44,18,82,78,15,11,69,80,24,66
2026-03-13,Gia Lai,7,79,5,40,5,54,17,44,99,97,41,50,40,90,7,82,24,52
2026-03-13,Ninh Thuận,41,42,28,36,89,94,38,11,2,99,7,32,35,77,60,4,59,6
2026-03-14,Đà Nẵng,1,34,79,67,13,53,45,12,36,64,79,22,92,4,81,50,73,55
2026-03-14,Quảng Ngãi,32,41,18,45,29,29,44,82,80,5,63,60,94,5,53,5,11,54
2026-03-14,Đắk Nông,63,68,33,59,85,91,53,94,75,54,81,80,54,93,58,46,73,60
2026-03-15,Huế,64,26,65,5,36,11,69,75,65,11,36,29,56,24,11,61,29,87
2026-03-15,Kon Tum,45,24,46,73,4,71,76,58,45,17,56,40,27,47,71,50,91,1
2026-03-15,Khánh Hòa,91,59,86,20,38,9,25,4,6,87,67,29,12,12,98,33,95,50
2026-03-16,Huế,8,76,33,91,29,85,76,88,96,37,4,81,88,55,34,28,77,47
2026-03-16,Phú Yên,73,20,81,30,7,80,97,5,3,6,78,25,32,48,84,81,24,64
2026-03-17,Đắk Lắk,27,61,77,93,19,73,83,65,91,28,2,99,14,48,68,34,12,48
2026-03-17,Quảng Nam,83,76,27,37,56,71,57,85,61,88,45,13,17,72,29,75,2,31
2026-03-18,Đà Nẵng,5,99,18,93,48,90,96,48,40,28,8,61,26,89,46,93,82,44
2026-03-18,Khánh Hòa,36,71,11,85,35,63,43,56,85,74,5,13,58,7,54,88,66,15
2026-03-19,Bình Định,64,52,1,24,58,26,38,53,87,21,79,44,83,56,39,75,6,84
2026-03-19,Quảng Trị,51,76,27,27,80,70,67,54,78,58,99,60,97,6,20,31,46,49
2026-03-19,Quảng Bình,4,50,62,26,20,98,2,36,83,15,33,98,63,74,58,1,49,17
2026-03-20,Gia Lai,34,96,28,12,22,43,9,36,36,7,55,92,7,99,31,18,30,44
2026-03-20,Ninh Thuận,12,56,45,43,18,93,41,42,92,62,26,72,30,24,39,9,34,73
2026-03-21,Đà Nẵng,32,36,78,88,12,35,48,55,9,78,37,47,95,89,88,51,36,63
2026-03-21,Quảng Ngãi,63,72,72,93,93,62,74,70,85,25,59,92,0,64,91,34,51,33
2026-03-21,Đắk Nông,0,84,1,66,23,16,72,96,49,32,58,67,8,88,30,27,46,55
2026-03-22,Huế,33,31,87,95,16,47,30,49,6,2,82,63,97,14,62,27,49,94
2026-03-23,Huế,7,69,71,71,32,66,93,19,65,44,28,81,72,66,18,79,42,54
2026-03-23,Phú Yên,10,35,33,92,38,44,11,12,61,13,47,99,19,89,37,81,97,5
2026-03-24,Đắk Lắk,90,50,76,96,18,80,82,92,84,49,87,15,85,27,47,74,42,67
2026-03-24,Quảng Nam,27,9,52,67,25,48,68,92,8,31,99,79,94,3,66,45,71,71
2026-03-25,Đà Nẵng,10,42,98,15,38,85,8,39,75,46,8,47,22,29,54,86,71,55
2026-03-25,Khánh Hòa,32,84,96,33,85,59,81,79,91,46,79,65,96,8,62,66,82,9
2026-03-26,Bình Định,58,65,79,45,19,13,25,58,46,96,77,15,25,99,91,22,32,51
2026-03-26,Quảng Trị,71,93,81,4,84,6,23,9,94,57,12,42,48,90,29,98,87,91
2026-03-26,Quảng Bình,31,74,44,38,84,61,27,1,82,64,16,62,66,30,11,80,17,71
2026-03-27,Gia Lai,31,7,9,78,57,38,16,76,18,13,26,7,81,0,66,44,24,0
2026-03-27,Ninh Thuận,58,48,8,40,33,45,53,84,19,81,93,3,74,29,3,31,18,50
2026-03-28,Đà Nẵng,20,56,81,2,40,37,29,62,41,92,45,73,90,58,90,82,14,18
2026-03-28,Quảng Ngãi,97,97,33,98,56,28,90,65,91,48,49,51,34,6,63,98,71,2
2026-03-28,Đắk Nông,39,91,47,60,89,87,42,7,98,51,7,37,22,70,34,76,9,24
2026-03-29,Huế,86,21,77,63,62,65,98,26,89,73,63,43,49,79,6,81,23,66
2026-03-29,Kon Tum,93,46,16,44,67,11,51,29,24,18,61,16,58,90,19,52,6,70
2026-03-30,Huế,36,93,41,27,21,69,92,35,31,61,43,71,24,6,3,46,44,78
2026-03-30,Phú Yên,38,35,87,54,6,4,75,12,61,58,49,3,37,92,83,90,48,64
2026-03-31,Đắk Lắk,1,24,92,64,14,49,5,62,82,26,99,38,69,87,26,87,39,21
2026-03-31,Quảng Nam,51,56,30,85,8,47,34,5,59,41,30,53,84,66,85,29,36,14
2026-04-01,Đà Nẵng,38,63,76,67,95,83,9,21,0,91,5,75,98,80,85,94,12,46
2026-04-01,Khánh Hòa,68,97,67,64,13,13,5,27,95,12,0,31,7,61,32,22,69,97
2026-04-02,Bình Định,59,29,79,32,89,19,81,48,61,33,81,2,43,37,7,12,85,74
2026-04-02,Quảng Trị,18,39,69,96,36,18,86,57,25,87,17,56,25,20,59,93,14,9
2026-04-02,Quảng Bình,98,82,68,70,71,84,77,83,63,8,20,18,37,60,12,30,64,21
2026-04-03,Gia Lai,69,83,7,87,61,14,26,5,96,0,67,11,83,9,99,91,81,37
2026-04-03,Ninh Thuận,53,15,21,37,41,68,58,63,75,65,24,29,69,95,34,73,56,4
2026-04-04,Đà Nẵng,55,77,11,51,30,45,28,66,10,2,2,35,87,18,47,66,72,80
2026-04-04,Quảng Ngãi,38,84,71,27,6,25,98,47,41,85,6,73,24,24,19,34,37,1
2026-04-04,Đắk Nông,73,10,24,96,94,71,79,69,52,73,15,16,13,2,8,12,77,70
2026-04-05,Huế,54,1,19,67,24,94,12,35,51,84,15,84,77,57,25,67,13,70
2026-04-05,Kon Tum,67,46,95,11,25,25,47,97,12,25,51,38,27,61,70,25,33,12
2026-04-05,Khánh Hòa,34,88,97,39,42,28,91,53,36,60,93,74,46,1,15,74,75,22
2026-04-06,Huế,4,86,57,18,24,93,8,24,21,4,24,24,21,32,86,7,26,95
2026-04-06,Phú Yên,38,14,78,92,2,98,89,81,94,90,88,46,35,16,53,57,8,83
2026-04-07,Đắk Lắk,31,2,63,77,13,31,30,17,65,40,82,59,8,44,36,73,37,73
2026-04-07,Quảng Nam,29,88,63,76,76,37,49,9,10,13,87,68,24,50,5,96,32,33
2026-04-08,Đà Nẵng,97,78,22,59,65,23,2,2,23,62,68,17,67,74,84,22,78,35
2026-04-08,Khánh Hòa,1,92,37,67,88,75,12,76,11,34,20,12,7,16,87,83,43,7
2026-04-09,Bình Định,0,44,52,47,11,45,34,86,98,20,61,63,19,37,89,20,34,62
2026-04-09,Quảng Trị,68,28,14,58,36,7,21,34,38,85,14,5,89,71,32,39,4,34
2026-04-09,Quảng Bình,40,24,3,51,15,84,95,19,83,71,30,53,74,82,23,97,34,16
2026-04-10,Gia Lai,0,59,1,27,96,20,71,51,71,67,38,95,77,16,30,30,87,97
2026-04-10,Ninh Thuận,55,62,60,10,4,89,37,14,4,44,61,71,39,1,84,74,16,86
2026-04-11,Đà Nẵng,28,55,51,22,89,40,75,8,4,23,7,32,41,3,66,6,90,12
2026-04-11,Quảng Ngãi,0,17,67,36,78,23,43,46,79,71,66,31,30,71,91,19,19,92
2026-04-11,Đắk Nông,64,65,37,99,21,80,66,48,63,32,68,45,15,97,79,47,76,48
2026-04-12,Huế,53,71,11,46,91,1,40,35,28,3,18,14,62,61,41,10,75,3
2026-04-12,Kon Tum,39,83,2,35,21,82,12,42,78,90,57,46,30,55,84,6,83,39
2026-04-12,Khánh Hòa,24,76,82,67,83,49,41,77,47,39,52,14,17,69,28,60,67,24
2026-04-13,Huế,0,13,19,14,33,66,69,43,22,82,64,85,60,51,60,74,12,4
2026-04-13,Phú Yên,15,27,6,30,21,89,5,88,81,90,59,79,62,29,42,80,47,80
2026-04-14,Đắk Lắk,65,39,87,64,78,53,95,52,29,76,30,30,76,78,92,61,42,13
2026-04-14,Quảng Nam,77,98,83,20,91,72,48,44,1,39,73,46,4,21,97,23,42,75
2026-04-15,Đà Nẵng,85,37,5,76,52,67,82,47,80,84,29,49,85,29,14,29,74,47
2026-04-15,Khánh Hòa,56,8,88,56,34,83,73,11,17,6,92,52,2,49,88,71,49,80
2026-04-16,Bình Định,97,48,21,17,43,23,85,90,78,19,36,1,39,79,67,67,44,55
2026-04-16,Quảng Trị,20,84,66,2,86,34,84,97,84,33,73,34,0,8,13,83,47,81
2026-04-16,Quảng Bình,9,65,87,74,35,57,97,3,98,77,2,91,26,32,56,89,80,30
2026-04-17,Gia Lai,7,5,23,42,10,50,82,77,42,6,27,65,52,9,53,2,29,49
2026-04-17,Ninh Thuận,93,73,19,6,64,49,33,32,55,79,7,75,92,14,14,7,34,6
2026-04-18,Đà Nẵng,35,89,75,64,88,0,91,19,8,9,6,96,36,28,67,54,66,82
2026-04-18,Quảng Ngãi,58,94,1,25,35,88,1,94,57,13,71,43,58,2,54,47,22,64
2026-04-18,Đắk Nông,40,72,90,48,42,55,2,8,83,63,38,37,97,83,17,90,45,26
2026-04-19,Huế,81,61,70,50,90,49,38,70,7,59,32,11,3,91,73,90,45,56
2026-04-19,Kon Tum,57,80,78,45,73,95,1,81,67,84,84,25,85,40,16,59,6,92
2026-04-19,Khánh Hòa,45,54,73,34,53,4,65,44,74,39,70,0,75,48,68,89,76,3
2026-04-20,Huế,54,54,50,73,13,67,27,82,95,92,93,9,37,31,49,72,45,52
2026-04-20,Phú Yên,50,15,53,81,80,25,59,19,88,85,33,44,72,70,86,42,46,42
2026-04-21,Đắk Lắk,84,67,24,69,77,45,73,39,1,33,2,49,83,87,27,22,22,4
2026-04-21,Quảng Nam,98,52,83,24,99,2,80,21,13,78,95,85,81,62,59,34,73,79
2026-04-22,Đà Nẵng,60,30,72,6,71,34,5,59,9,8,70,54,5,29,11,24,30,28
2026-04-22,Khánh Hòa,73,55,84,15,76,38,10,30,48,99,3,18,38,46,73,20,72,35
2026-04-23,Bình Định,20,48,37,0,35,48,34,10,78,17,80,33,78,82,66,22,5,48
2026-04-23,Quảng Trị,18,2,33,83,53,67,72,85,16,37,35,51,95,76,51,91,75,93
2026-04-23,Quảng Bình,13,80,27,37,39,48,9,45,89,0,48,78,55,54,36,1,34,25
2026-04-24,Gia Lai,0,16,41,25,32,46,54,50,7,24,38,34,83,37,52,42,61,32
2026-04-24,Ninh Thuận,10,66,71,68,9,30,65,71,14,75,39,77,9,66,82,86,6,52
2026-04-25,Đà Nẵng,81,63,49,69,49,27,45,56,63,57,30,81,47,89,43,50,38,18
2026-04-25,Quảng Ngãi,18,3,44,23,55,59,75,20,98,86,0,82,43,62,66,90,56,86
2026-04-25,Đắk Nông,57,24,54,34,30,4,39,34,81,99,70,21,98,49,87,28,71,17
2026-04-26,Huế,2,57,2,90,35,60,33,54,7,65,62,35,92,50,94,30,84,74
2026-04-26,Kon Tum,4,68,82,91,84,90,23,39,54,80,49,42,81,14,50,32,23,42
2026-04-26,Khánh Hòa,66,62,75,23,31,28,31,26,19,32,83,55,71,99,45,30,82,47
2026-04-27,Huế,8,66,58,95,66,22,97,28,43,56,87,91,54,33,14,86,34,86
2026-04-27,Phú Yên,80,51,86,93,61,62,72,95,42,97,64,13,73,42,42,71,96,42
2026-04-28,Đắk Lắk,6,85,30,8,9,35,10,45,47,66,92,21,17,40,96,82,20,2
2026-04-28,Quảng Nam,97,60,94,1,47,77,93,1,4,6,4,48,69,65,30,16,97,68
2026-04-29,Đà Nẵng,99,26,0,76,42,56,46,24,92,25,23,86,2,38,25,44,35,88
2026-04-29,Khánh Hòa,64,85,6,38,93,57,19,85,30,19,46,62,98,2,48,67,39,74
2026-04-30,Bình Định,49,75,29,79,94,97,56,94,60,34,27,7,65,12,67,73,22,57
2026-04-30,Quảng Trị,56,33,97,17,6,37,18,17,51,72,63,18,56,32,40,59,43,31
2026-04-30,Quảng Bình,53,26,90,93,98,73,97,89,25,36,54,5,72,51,72,2,36,91
2026-05-01,Gia Lai,30,61,91,0,84,65,4,63,33,93,75,71,93,30,90,96,54,17
2026-05-01,Ninh Thuận,17,91,93,20,27,6,61,52,84,25,38,29,95,91,18,7,97,23
2026-05-02,Đà Nẵng,79,79,4,42,94,2,62,87,41,94,67,90,53,49,97,23,28,24
2026-05-02,Quảng Ngãi,63,84,75,14,91,30,58,84,57,39,47,57,99,26,56,62,80,74
2026-05-02,Đắk Nông,8,44,45,11,35,7,4,12,26,89,25,54,23,63,88,62,51,26
2026-05-03,Huế,55,9,48,62,65,87,81,12,88,46,18,91,1,75,84,74,42,8
2026-05-03,Kon Tum,48,52,42,43,72,39,71,0,95,84,85,44,95,92,78,14,65,0
2026-05-03,Khánh Hòa,82,53,85,20,37,63,99,1,8,31,71,87,53,19,97,21,78,9
2026-05-04,Huế,52,81,17,82,49,45,52,29,95,45,29,38,1,74,65,16,51,94
2026-05-04,Phú Yên,39,29,16,93,86,19,49,79,59,3,41,2,24,37,49,94,13,41
2026-05-05,Đắk Lắk,78,32,62,10,33,77,32,80,20,48,85,53,38,98,86,52,59,89
2026-05-05,Quảng Nam,43,93,95,89,46,8,78,39,30,29,10,18,75,60,86,49,44,53
2026-05-06,Đà Nẵng,69,46,71,41,59,45,73,2,83,79,96,91,72,48,40,47,38,21
2026-05-06,Khánh Hòa,4,84,29,79,34,72,12,20,48,50,11,31,37,97,2,35,78,85
2026-05-07,Bình Định,66,68,55,81,94,19,63,76,35,25,34,7,89,64,89,88,73,98
2026-05-07,Quảng Trị,76,1,97,69,79,52,13,61,57,3,1,62,56,7,89,38,27,90
2026-05-07,Quảng Bình,87,99,26,68,25,67,19,89,89,84,81,48,75,51,89,45,99,79
2026-05-08,Gia Lai,82,72,44,46,29,18,1,56,78,27,24,27,98,86,83,46,36,10
2026-05-08,Ninh Thuận,25,66,71,67,90,53,19,85,12,35,53,97,10,55,74,41,1,70
2026-05-09,Đà Nẵng,99,24,3,20,43,24,49,0,41,11,61,90,84,54,35,34,19,9
2026-05-09,Quảng Ngãi,75,22,78,85,10,61,16,11,85,31,35,95,31,14,58,5,38,54
2026-05-09,Đắk Nông,27,88,57,94,69,25,2,59,79,2,72,1,40,38,84,87,55,9
2026-05-10,Huế,33,1,27,90,43,67,92,32,8,68,24,12,45,32,48,1,68,39
2026-05-10,Kon Tum,44,50,35,28,98,95,28,26,95,24,64,3,91,76,77,48,71,68
2026-05-10,Khánh Hòa,18,9,54,39,67,75,14,0,92,52,66,27,54,24,93,69,15,29
2026-05-11,Huế,29,32,55,87,22,21,46,43,57,3,32,28,87,53,66,59,92,2
2026-05-11,Phú Yên,82,44,64,3,20,11,62,13,97,65,9,30,24,29,85,67,14,20
2026-05-12,Đắk Lắk,32,85,0,23,32,32,2,0,66,45,7,31,19,98,14,66,54,63
2026-05-12,Quảng Nam,25,21,20,79,21,69,70,79,23,14,87,78,91,21,72,14,26,88
2026-05-13,Đà Nẵng,92,96,37,59,60,90,11,60,35,44,48,15,74,87,23,18,70,6
2026-05-13,Khánh Hòa,70,45,8,45,85,12,38,24,68,61,48,84,19,59,87,91,65,58
2026-05-14,Bình Định,64,91,76,9,92,17,66,25,21,88,25,54,10,47,60,55,23,63
2026-05-14,Quảng Trị,31,20,10,81,96,36,42,40,89,32,70,27,69,49,57,57,2,66
2026-05-14,Quảng Bình,30,54,25,65,70,14,30,76,27,13,87,81,22,59,9,44,19,72
2026-05-15,Gia Lai,11,18,6,70,91,83,55,96,29,86,89,63,99,34,75,95,33,45
2026-05-15,Ninh Thuận,40,98,50,14,4,75,13,98,35,33,14,23,85,1,44,59,16,82
2026-05-16,Đà Nẵng,70,44,94,5,8,64,49,17,56,38,79,17,11,15,15,24,24,65
2026-05-16,Quảng Ngãi,72,35,84,25,17,4,63,31,92,74,77,62,29,79,90,12,42,61
2026-05-16,Đắk Nông,67,63,18,91,30,38,3,5,19,17,75,70,22,20,79,89,94,97
2026-05-17,Huế,74,85,1,97,18,58,9,31,96,71,77,60,53,6,10,36,54,85
2026-05-17,Kon Tum,88,94,79,15,62,65,95,29,48,57,46,75,34,9,55,32,47,48
2026-05-17,Khánh Hòa,19,58,90,95,22,5,98,94,80,48,39,51,22,74,46,48,33,12
2026-05-18,Huế,99,76,33,10,22,73,91,76,65,42,55,1,24,76,22,75,65,24
2026-05-18,Phú Yên,82,18,49,88,54,26,94,31,52,75,64,5,17,23,49,24,83,76
2026-05-19,Đắk Lắk,89,2,45,76,65,14,23,75,36,68,99,59,50,67,38,94,85,34
2026-05-19,Quảng Nam,60,59,69,41,37,91,6,41,62,24,13,64,79,91,89,14,23,97
2026-05-20,Đà Nẵng,31,10,6,4,89,48,28,18,22,29,18,46,33,50,0,27,15,81
2026-05-20,Khánh Hòa,16,62,73,44,94,5,99,19,18,39,2,5,13,91,49,67,87,28
2026-05-21,Bình Định,86,36,73,60,93,25,70,25,68,3,2,73,75,39,53,73,52,15
2026-05-21,Quảng Trị,51,47,42,73,2,79,50,28,44,14,41,56,14,79,92,82,92,55
2026-05-21,Quảng Bình,20,13,44,11,42,54,58,28,37,48,50,22,91,60,65,20,96,93
2026-05-22,Gia Lai,1,48,88,16,57,98,85,44,11,42,3,91,47,68,67,3,13,81
2026-05-22,Ninh Thuận,91,67,74,70,59,41,86,83,60,14,99,99,5,45,62,49,98,31
2026-05-23,Đà Nẵng,18,16,95,30,14,91,23,35,59,94,39,64,39,49,49,88,80,55
2026-05-23,Quảng Ngãi,1,75,2,17,86,93,95,43,31,93,78,0,5,15,67,72,5,77
2026-05-23,Đắk Nông,14,58,98,57,33,85,6,1,58,43,75,7,30,44,41,84,2,68
2026-05-24,Huế,40,91,11,95,89,75,7,12,61,3,13,48,82,70,4,36,94,38
2026-05-24,Kon Tum,33,53,0,55,95,17,89,31,87,44,75,40,74,92,51,74,54,37
2026-05-24,Khánh Hòa,22,79,6,71,20,55,47,97,45,82,53,78,78,1,50,98,89,32
2026-05-25,Huế,54,22,67,99,16,13,11,48,39,20,88,77,14,18,52,97,18,49
2026-05-25,Phú Yên,4,93,37,84,37,96,39,82,6,51,4,1,1,83,73,51,76,72
2026-05-26,Đắk Lắk,90,47,7,18,82,44,22,55,11,63,36,23,46,8,3,78,95,13
2026-05-26,Quảng Nam,27,59,69,94,12,27,72,82,68,76,0,34,68,94,83,19,43,80
2026-05-27,Đà Nẵng,99,34,6,87,45,44,1,48,8,49,91,69,59,78,14,2,91,66
2026-05-27,Khánh Hòa,12,57,22,56,51,64,0,15,58,8,4,92,45,38,60,18,33,31
2026-05-28,Bình Định,85,19,6,96,47,52,22,9,44,91,33,99,3,98,79,49,42,5
2026-05-28,Quảng Trị,86,50,24,24,19,3,99,64,21,50,61,93,83,91,37,70,32,65
2026-05-28,Quảng Bình,15,90,52,1,11,0,47,80,41,11,75,81,77,67,33,58,78,37
2026-05-29,Gia Lai,64,2,90,56,19,50,85,98,91,84,57,92,80,17,78,66,80,97
2026-05-29,Ninh Thuận,93,45,88,37,5,74,99,10,33,6,90,89,40,86,45,91,85,90
2026-05-30,Đà Nẵng,36,61,52,37,6,21,11,23,79,59,83,68,43,51,89,25,89,13
2026-05-30,Quảng Ngãi,54,12,53,79,35,63,4,30,77,60,15,10,25,47,9,86,9,91
2026-05-30,Đắk Nông,69,89,68,62,87,52,47,92,94,60,60,96,30,98,87,58,28,29
2026-05-31,Huế,54,24,95,76,23,24,87,76,52,18,75,56,92,59,49,96,1,93
2026-05-31,Kon Tum,19,64,97,82,65,56,89,21,45,26,98,89,52,52,41,35,18,31
2026-05-31,Khánh Hòa,94,76,55,13,41,8,91,89,86,73,59,2,68,61,10,59,65,31
2026-06-01,Huế,28,93,17,46,63,95,93,76,59,64,63,2,95,75,82,58,97,1
2026-06-01,Phú Yên,69,18,71,23,99,38,83,27,23,19,84,38,28,67,22,43,75,42
2026-06-02,Đắk Lắk,52,47,64,3,67,70,26,14,92,60,37,59,86,35,70,3,95,26
2026-06-02,Quảng Nam,50,99,2,49,10,65,84,1,6,16,67,71,75,52,98,27,15,31
2026-06-03,Đà Nẵng,75,46,50,68,59,23,46,11,58,35,81,75,22,35,18,17,87,95
2026-06-03,Khánh Hòa,14,60,89,52,60,54,68,38,93,6,14,6,94,11,57,49,87,71
2026-06-04,Bình Định,98,8,92,66,75,72,1,71,24,43,76,77,54,43,95,79,21,16
2026-06-04,Quảng Trị,4,75,59,80,93,29,10,39,37,21,35,85,0,37,21,94,96,25
2026-06-04,Quảng Bình,16,64,12,14,98,21,33,20,84,53,64,8,57,82,3,61,66,98
2026-06-05,Gia Lai,16,23,45,26,94,13,63,44,5,14,59,62,73,14,36,88,27,10
2026-06-05,Ninh Thuận,59,65,13,80,80,25,98,82,43,98,51,28,65,12,73,47,53,31
2026-06-06,Đà Nẵng,65,25,9,80,2,37,3,89,84,27,59,5,66,4,71,66,71,89
2026-06-06,Quảng Ngãi,82,79,69,89,87,95,17,0,75,21,27,57,94,99,39,51,97,63
2026-06-06,Đắk Nông,23,93,16,91,51,40,61,50,51,0,84,25,81,41,67,1,4,58
2026-06-07,Huế,79,23,38,91,85,85,5,26,20,91,20,82,92,58,47,28,28,82
2026-06-07,Kon Tum,74,86,26,42,39,91,18,5,99,17,17,40,88,1,11,9,54,99
2026-06-07,Khánh Hòa,36,1,88,97,85,77,50,34,85,99,97,84,77,24,53,52,74,88
2026-06-08,Huế,84,55,67,68,5,8,56,29,15,45,78,18,78,38,54,4,0,27
2026-06-08,Phú Yên,45,51,31,41,14,99,61,94,24,20,41,75,67,92,15,28,3,58
2026-06-09,Đắk Lắk,86,51,98,4,94,50,83,75,87,94,0,15,86,6,48,0,33,87
2026-06-09,Quảng Nam,97,90,80,33,54,77,61,67,75,1,32,66,96,32,16,10,57,8
2026-06-10,Đà Nẵng,70,66,20,71,40,43,55,89,36,60,17,77,39,11,87,58,54,5
2026-06-10,Khánh Hòa,38,85,47,76,91,30,80,22,38,9,9,68,92,31,69,18,17,78
2026-06-11,Bình Định,15,62,99,66,2,68,84,10,45,88,83,41,61,50,56,80,89,59
2026-06-11,Quảng Trị,67,31,71,25,82,90,15,11,5,43,39,52,73,57,57,11,71,21
2026-06-11,Quảng Bình,49,40,82,56,81,54,95,1,34,55,70,99,83,60,71,64,67,66
2026-06-12,Gia Lai,65,90,96,11,8,25,71,85,99,94,74,56,26,90,56,61,16,61
2026-06-12,Ninh Thuận,88,14,51,48,96,12,70,18,73,87,55,36,87,70,54,9,90,82
2026-06-13,Đà Nẵng,9,84,14,49,85,4,39,52,12,56,75,42,39,14,74,61,71,54
2026-06-13,Quảng Ngãi,28,98,27,74,62,84,42,15,83,8,51,24,83,75,35,30,97,40
2026-06-13,Đắk Nông,77,94,93,85,43,13,82,12,47,11,58,48,77,86,42,67,69,82
2026-06-14,Huế,36,12,58,88,9,23,52,83,68,70,90,40,71,53,0,44,13,31
2026-06-14,Kon Tum,95,37,57,93,39,62,23,41,89,17,38,36,71,85,70,61,27,52
2026-06-14,Khánh Hòa,80,60,26,29,54,40,89,91,45,46,64,78,33,84,51,41,90,40
2026-06-15,Huế,61,66,93,43,54,70,17,92,57,73,98,84,94,31,42,17,74,36
2026-06-15,Phú Yên,70,13,55,81,43,89,48,28,61,11,6,62,33,55,4,31,37,92
2026-06-16,Đắk Lắk,26,93,18,89,77,10,46,45,51,76,66,82,25,53,2,87,61,48
2026-06-16,Quảng Nam,82,35,48,55,9,29,82,39,2,88,21,48,24,0,51,96,44,87
2026-06-17,Đà Nẵng,96,3,0,40,42,44,38,89,54,41,94,55,39,61,16,93,63,75
2026-06-17,Khánh Hòa,99,34,57,52,23,38,82,64,1,18,64,2,17,32,60,96,72,3
2026-06-18,Bình Định,2,32,69,3,95,37,40,6,38,73,48,95,76,37,60,77,46,96
2026-06-18,Quảng Trị,73,36,55,5,11,84,22,50,70,75,16,61,25,96,33,65,79,66
2026-06-18,Quảng Bình,86,6,26,83,73,50,92,54,60,36,13,41,3,10,13,6,4,85
2026-06-19,Gia Lai,19,53,94,40,86,34,65,90,62,28,37,8,50,60,16,39,57,31
2026-06-19,Ninh Thuận,44,95,21,2,9,77,69,97,87,47,32,39,25,46,46,5,58,2
2026-06-20,Đà Nẵng,84,93,41,50,62,43,8,1,73,29,53,12,36,17,52,50,11,83
2026-06-20,Quảng Ngãi,46,19,19,43,80,26,61,43,94,71,40,4,43,46,26,18,23,81
2026-06-20,Đắk Nông,84,25,54,54,83,66,15,67,80,82,79,78,20,91,9,92,29,10
2026-06-21,Huế,4,45,79,47,41,82,31,49,82,86,47,47,47,45,74,44,69,49
2026-06-21,Kon Tum,71,43,59,24,54,81,21,45,35,60,87,88,3,43,59,80,46,6
2026-06-21,Khánh Hòa,30,22,26,27,43,14,55,50,29,99,61,81,20,71,40,57,93,93
2026-06-22,Huế,6,1,57,45,8,7,93,58,83,52,62,41,55,0,83,19,28,43
2026-06-22,Phú Yên,68,46,32,19,45,3,19,41,91,44,47,69,87,96,78,41,7,70
2026-06-23,Đắk Lắk,75,72,58,40,76,28,81,14,19,91,24,99,45,90,74,30,27,42
2026-06-23,Quảng Nam,35,53,64,19,80,92,62,96,2,45,80,77,68,70,34,25,27,80
2026-06-24,Đà Nẵng,70,32,72,55,57,36,38,19,4,81,27,99,25,33,49,42,12,72
2026-06-24,Khánh Hòa,92,22,28,31,89,52,19,22,59,94,93,12,43,22,27,32,77,81
2026-06-25,Bình Định,93,22,68,87,0,19,71,39,93,82,41,97,57,9,13,42,31,75
2026-06-25,Quảng Trị,5,9,48,55,61,17,51,44,13,20,99,34,1,27,6,96,64,62
2026-06-25,Quảng Bình,32,98,1,20,58,3,85,23,84,5,8,1,17,53,78,60,16,69
2026-06-26,Gia Lai,73,1,28,45,87,99,3,90,16,64,20,43,40,79,83,86,5,90
2026-06-26,Ninh Thuận,45,79,5,29,71,41,29,69,19,57,43,67,71,8,11,28,54,54
2026-06-27,Đà Nẵng,19,13,97,58,69,66,95,56,58,2,24,70,2,79,45,8,78,4
2026-06-27,Quảng Ngãi,22,23,35,74,68,5,44,92,12,37,27,10,29,16,11,25,45,86
2026-06-27,Đắk Nông,77,32,90,22,11,69,70,97,51,82,6,17,65,52,42,95,86,49
2026-06-28,Huế,89,64,36,56,94,93,5,41,79,28,15,38,97,6,75,97,28,89
2026-06-28,Kon Tum,32,56,29,97,98,0,0,8,15,72,31,14,6,80,98,49,93,61
2026-06-28,Khánh Hòa,64,97,23,92,39,49,52,22,62,42,57,11,21,25,32,27,4,51
2026-06-29,Huế,9,27,84,79,13,13,55,38,82,68,55,16,0,80,46,65,77,23
2026-06-29,Phú Yên,4,91,31,58,50,82,6,69,32,99,34,9,77,55,26,92,45,46
2026-06-30,Đắk Lắk,12,82,39,1,2,78,29,61,14,39,83,39,28,66,7,32,65,35
2026-06-30,Quảng Nam,37,71,68,89,19,52,57,70,77,33,64,52,54,51,83,94,97,82
2026-07-01,Đà Nẵng,66,72,41,3,21,67,72,76,67,81,50,49,40,21,11,27,4,21
2026-07-01,Khánh Hòa,68,55,44,71,38,20,54,59,69,68,35,95,37,78,72,46,95,1
2026-07-02,Bình Định,29,93,14,87,86,23,65,68,65,65,82,26,37,85,50,26,12,78
2026-07-02,Quảng Trị,55,40,20,58,76,0,17,48,92,75,2,25,26,90,41,24,95,52
2026-07-02,Quảng Bình,68,73,22,9,68,39,41,61,26,53,35,15,73,37,69,24,86,10
2026-07-03,Gia Lai,77,81,69,71,79,46,13,55,89,46,99,86,82,79,93,78,87,66
2026-07-03,Ninh Thuận,0,31,5,54,39,60,60,45,69,63,73,29,1,18,35,54,54,61
2026-07-04,Đà Nẵng,68,16,27,31,11,85,45,93,71,78,70,61,63,11,42,51,85,78
2026-07-04,Quảng Ngãi,27,11,88,64,20,2,5,86,88,69,70,34,19,33,84,50,1,56
2026-07-04,Đắk Nông,67,68,85,91,76,52,87,98,37,94,96,33,71,95,54,18,32,56
2026-07-05,Huế,27,87,57,87,46,42,9,96,0,40,34,74,71,97,91,90,90,12
2026-07-05,Kon Tum,61,66,16,11,55,9,89,37,60,80,58,53,74,7,25,50,45,7
2026-07-05,Khánh Hòa,63,80,74,35,11,86,24,66,2,50,92,96,88,24,11,53,64,84
2026-07-06,Huế,94,3,39,49,46,82,30,27,65,31,55,82,28,12,88,10,59,73
2026-07-06,Phú Yên,81,55,13,17,29,90,11,46,47,83,78,24,93,57,71,80,33,61
2026-07-07,Đắk Lắk,84,51,57,86,12,70,21,52,45,16,71,46,6,32,53,40,72,36
2026-07-07,Quảng Nam,72,0,66,28,46,74,86,23,35,45,86,70,47,19,87,19,85,99
2026-07-08,Đà Nẵng,96,45,14,49,14,87,22,80,74,29,79,54,13,29,89,38,56,53
2026-07-08,Khánh Hòa,17,46,74,63,18,48,25,8,14,79,27,21,40,7,81,14,14,34
2026-07-09,Bình Định,86,97,90,94,50,3,81,32,4,38,6,90,46,36,84,11,0,33
2026-07-09,Quảng Trị,23,14,81,23,19,1,71,30,78,68,77,49,79,39,86,73,9,82
2026-07-09,Quảng Bình,94,70,72,80,81,39,89,19,62,53,37,20,8,10,21,47,68,41
2026-07-10,Gia Lai,65,5,39,21,24,44,29,4,68,38,2,75,23,54,5,39,0,95
2026-07-10,Ninh Thuận,99,32,93,6,43,14,18,83,59,86,43,53,37,1,85,49,30,22
2026-07-11,Đà Nẵng,64,69,3,73,62,80,31,92,81,86,20,17,64,81,71,29,72,3
2026-07-11,Quảng Ngãi,93,74,30,32,0,8,54,17,89,17,23,20,44,12,87,31,47,99
2026-07-11,Đắk Nông,35,61,85,57,27,26,21,64,69,52,46,50,23,78,16,95,31,46
2026-07-12,Huế,42,54,82,79,43,52,81,71,18,22,12,67,13,98,33,81,65,88
2026-07-12,Kon Tum,1,87,66,96,8,13,80,66,73,9,64,83,72,58,41,7,44,0
2026-07-12,Khánh Hòa,36,67,45,59,66,4,88,79,27,90,54,32,49,56,73,42,47,10
2026-07-13,Huế,89,63,21,3,63,92,93,47,83,56,39,70,86,30,33,57,86,79
2026-07-13,Phú Yên,80,87,14,27,58,94,27,72,64,14,20,56,16,65,78,28,48,42
2026-07-14,Đắk Lắk,54,11,29,90,60,62,95,81,10,38,99,48,19,14,69,61,18,36
2026-07-14,Quảng Nam,90,93,38,15,81,20,71,91,50,72,54,84,32,53,68,76,53,98
